Angle,CC,CHIRP
0,2.727,16.2536
1,2.6028,22.8139
2,4.819,23.4606
3,10.7808,25.5107
4,8.2918,24.2687
5,5.9291,22.3258
6,7.1497,23.6466
7,6.4336,21.9909
8,5.1615,19.6773
9,5.3343,19.5017
10,4.7076,20.3208
11,3.8662,20.1422
12,5.3964,21.0836
13,7.6018,22.0049
14,8.1833,23.1785
15,9.5776,22.8234
16,11.0083,21.8617
17,12.025,20.9754
18,8.1292,20.8446
19,8.5714,21.3709
20,8.2812,19.4772
21,8.948,19.4237
22,5.0425,20.5935
23,7.0271,20.9967
24,8.906,20.803
25,5.7872,20.0139
26,5.7899,22.0553
27,7.1441,21.8047
28,7.9089,21.2047
29,7.9604,23.2099
30,6.0192,22.283
31,5.3807,23.2448
32,7.1048,23.0038
33,9.4066,24.816
34,11.7022,23.906
35,12.1643,26.2009
36,12.9092,27.7128
37,12.8974,25.8475
38,11.5301,27.801
39,11.9573,28.0531
40,13.4608,29.5375
41,12.5784,30.6511
42,12.4029,31.6567
43,14.253,32.3839
44,15.7115,32.3288
45,15.58,31.9095
46,15.2932,30.3487
47,15.3691,31.7758
48,14.8959,32.812
49,18.0068,32.028
50,14.3504,31.8132
51,17.8769,32.041
52,15.3616,31.4443
53,14.862,30.6654
54,13.8759,29.9913
55,13.9724,30.3504
56,12.7457,29.7117
57,13.8617,30.9669
58,14.7159,29.649
59,14.5525,29.1394
60,14.3001,29.8179
61,13.3154,28.0281
62,13.962,29.2463
63,13.6035,29.1917
64,13.2049,27.7768
65,12.451,28.5744
66,13.1951,29.4856
67,16.8469,30.0378
68,15.3039,30.5899
69,14.7328,29.1666
70,13.2031,28.8751
71,12.4649,29.2232
72,12.8739,29.1643
73,12.8412,28.8457
74,13.191,27.1303
75,10.9509,26.2537
76,11.4512,25.6226
77,11.9334,25.3661
78,11.1633,24.6254
79,13.031,24.7852
80,12.252,24.323
81,8.8612,23.8083
82,6.8959,23.8998
83,8.6031,24.6484
84,9.6287,25.8444
85,11.3656,26.9091
86,12.177,26.9545
87,11.6502,27.1773
88,11.7488,27.4688
89,10.8555,29.664
90,9.9393,28.56
91,9.9083,26.6001
92,8.2004,24.6686
93,7.6954,25.0334
94,8.8637,26.4538
95,15.4152,28.5111
96,21.2378,27.0875
97,19.6896,28.7041
98,19.6254,27.1053
99,15.8895,26.9595
100,14.5792,26.2282
101,18.7801,27.7864
102,14.8191,27.0251
103,17.5231,28.1537
104,14.2405,27.8292
105,13.934,27.773
106,17.1373,28.7786
107,17.5038,28.1421
108,16.2964,29.5491
109,16.0121,28.4342
110,16.379,28.6032
111,17.285,27.9073
112,14.8154,27.6779
113,14.3581,28.4038
114,16.4671,27.6846
115,18.1858,27.9307
116,19.6427,27.169
117,17.9683,26.2146
118,14.8046,24.2733
119,13.8917,21.9085
120,12.161,22.4023
121,9.2146,21.8855
122,9.7659,22.0303
123,10.1873,22.7691
124,13.3207,21.8282
125,12.0302,20.4652
126,8.1312,20.4052
127,7.9035,20.6607
128,7.6883,19.4958
129,6.1681,19.17
130,5.5204,19.0248
131,4.1167,19.9196
132,6.6836,18.3053
133,3.9589,16.909
134,4.5151,17.437
135,3.4479,15.4051
136,3.1367,14.4397
137,4.1783,14.6634
138,4.8023,14.4146
139,4.1375,14.4676
140,3.9934,14.3319
141,3.2308,16.1168
142,5.3039,17.3811
143,6.6028,17.0324
144,5.859,15.8759
145,5.2905,14.7016
146,4.7302,14.2058
147,5.3509,14.0922
148,5.9877,14.3178
149,5.048,14.2235
150,4.5457,12.9104
151,3.3655,12.7421
152,4.3496,13.3739
153,5.2151,13.7991
154,4.651,14.1539
155,3.4346,14.2029
156,3.6167,14.9067
157,4.4235,15.2104
158,5.0522,14.5089
159,4.9202,17.0821
160,5.4731,16.9129
161,5.5699,17.3101
162,4.4741,16.1898
163,2.5294,16.6086
164,1.5897,16.6904
165,1.9503,16.8308
166,1.7984,16.2116
167,3.327,17.9758
168,5.2066,19.0253
169,5.0153,20.5705
170,5.054,21.0376
171,4.6744,22.4332
172,6.7541,23.572
173,7.0429,22.9298
174,8.0888,24.119
175,8.6001,25.8306
176,8.2105,25.1585
177,10.569,24.1217
178,11.7424,26.8237
179,9.5145,27.4864
180,12.9924,28.6381
181,8.3289,30.1418
182,8.6538,30.7603
183,8.9444,30.9818
184,10.6565,31.0244
185,10.9818,30.7895
186,8.9311,28.7546
187,7.9838,24.8433
188,7.4554,17.4752
189,1.8715,8.9581
190,5.5824,9.227
191,0.0,7.9874
192,0.0,5.2041
193,0.0,3.7148
194,0.0,3.4912
195,0.0,3.5238
196,0.0,-1.2133
197,0.0,0.0
198,0.0,-4.0543
199,0.0,0.0
200,0.0,0.0
201,0.0,0.0
202,0.0,0.0
203,0.0,0.0
204,0.0,0.0
205,0.0,0.0
206,0.0,-4.2161
207,0.0,0.0
208,0.0,0.0
209,0.0,-3.3889
210,0.0,-0.5903
211,0.0,-0.2289
212,0.0,-2.6052
213,0.0,-0.856
214,0.0,3.4542
215,0.0,4.1389
216,0.0,2.8813
217,0.0,-0.1031
218,0.0,0.0
219,0.0,0.0
220,0.0,-0.9874
221,0.0,0.5263
222,0.0,-0.955
223,0.0,-1.6518
224,0.0,-0.082
225,0.0,3.3899
226,0.0,5.4751
227,0.0,6.2232
228,0.0,9.2297
229,0.0,9.6911
230,0.0,11.0425
231,0.0,0.0
232,0.0,0.0
233,0.0,0.0
234,0.0,0.0
235,0.0,0.0
236,0.0,0.0
237,0.0,0.2184
238,0.0,1.5683
239,0.0,-1.6362
240,0.0,0.0
241,0.0,0.0
242,0.0,0.0
243,0.0,0.0
244,0.0,0.0
245,0.0,0.0
246,0.0,0.0
247,0.0,0.0
248,0.0,1.4638
249,0.0,2.598
250,0.0,2.3731
251,0.0,-0.055
252,0.0,2.4287
253,0.0,4.9197
254,0.0,4.8514
255,0.0,4.712
256,0.0,2.9642
257,0.0,-0.4019
258,0.0,0.0
259,0.0,0.0
260,0.0,-3.0261
261,0.0,-0.1871
262,-3.448,3.145
263,0.0,3.7699
264,0.5974,11.1844
265,2.6887,14.4362
266,3.1487,13.8454
267,2.3562,15.4344
268,0.0,0.0
269,0.0,0.0
270,0.0,4.2423
271,0.0,4.9638
272,0.0,4.6505
273,0.0,3.0275
274,0.0,0.5548
275,0.0,-0.7309
276,0.0,-1.7162
277,0.0,-0.876
278,0.0,2.2239
279,0.0,5.94
280,0.0,9.0093
281,2.7791,12.4705
282,2.1155,16.5032
283,3.0737,17.7038
284,6.7598,18.6981
285,7.3658,18.188
286,1.4548,14.6048
287,0.0,8.0682
288,0.0,2.4661
289,0.0,4.5363
290,0.0,2.9806
291,0.0,3.4783
292,0.0,2.6037
293,0.0,0.8777
294,0.0,1.5619
295,0.0,0.3173
296,0.0,4.2951
297,-1.7378,10.8521
298,-0.7107,11.4727
299,0.1084,12.5393
300,3.232,14.0398
301,2.3937,15.2532
302,3.7999,14.5327
303,1.7687,13.5851
304,3.2246,14.4075
305,6.4873,15.8999
306,5.3164,17.3429
307,9.2496,18.9441
308,6.0882,18.9529
309,5.3112,19.0241
310,8.112,22.1461
311,11.4545,23.5804
312,11.5359,23.3984
313,7.4805,21.8862
314,4.1341,19.7752
315,2.2349,22.8708
316,0.0,21.778
317,10.2327,23.8742
318,9.6423,25.3733
319,10.2698,26.8008
320,0.0,25.8167
321,0.0,24.3903
322,8.3019,25.673
323,6.1064,20.4198
324,4.8443,17.5912
325,2.8939,13.081
326,4.9162,10.7186
327,0.7696,8.2205
328,0.0,7.4331
329,0.0,2.9871
330,0.0,4.4384
331,-0.5219,8.7072
332,0.5075,12.415
333,9.2046,15.1126
334,2.0652,12.7876
335,0.0,5.8733
336,0.0,4.6959
337,0.0,6.1265
338,4.0449,14.5628
339,7.2941,17.8284
340,8.6481,17.8057
341,10.8502,17.9869
342,11.2845,18.863
343,11.9283,21.8696
344,12.4772,23.0397
345,11.389,19.6628
346,11.4968,18.1994
347,8.8071,16.4239
348,8.9274,16.9212
349,10.895,14.5636
350,6.1288,10.6935
351,1.9404,9.9915
352,0.8524,8.1511
353,1.4031,8.1371
354,4.4866,13.6584
355,4.2871,13.5894
356,5.8747,12.6674
357,4.3572,9.8933
358,14.1437,-3.9905
359,11.236,9.7477
